filename,width,height,class,xmin,ymin,xmax,ymax,labels
/home/jun/Github/Master-Thesis/Task1-DragonFruit-Detection/data/train/Images/fruit58.png,400,300,pineapple,139,82,276,251,3
/home/jun/Github/Master-Thesis/Task1-DragonFruit-Detection/data/train/Images/fruit58.png,400,300,snake fruit,222,93,244,114,4
/home/jun/Github/Master-Thesis/Task1-DragonFruit-Detection/data/train/Images/fruit58.png,400,300,dragon fruit,272,62,320,115,2
/home/jun/Github/Master-Thesis/Task1-DragonFruit-Detection/data/train/Images/fruit119.png,400,300,pineapple,125,124,234,279,3
/home/jun/Github/Master-Thesis/Task1-DragonFruit-Detection/data/train/Images/fruit119.png,400,300,snake fruit,259,173,277,194,4
/home/jun/Github/Master-Thesis/Task1-DragonFruit-Detection/data/train/Images/fruit119.png,400,300,banana,208,79,254,126,1
/home/jun/Github/Master-Thesis/Task1-DragonFruit-Detection/data/train/Images/fruit159.png,400,300,pineapple,19,59,253,208,3
/home/jun/Github/Master-Thesis/Task1-DragonFruit-Detection/data/train/Images/fruit159.png,400,300,banana,281,120,350,201,1
/home/jun/Github/Master-Thesis/Task1-DragonFruit-Detection/data/train/Images/fruit159.png,400,300,snake fruit,279,113,301,135,4
/home/jun/Github/Master-Thesis/Task1-DragonFruit-Detection/data/train/Images/fruit128.png,400,300,pineapple,139,106,355,244,3
/home/jun/Github/Master-Thesis/Task1-DragonFruit-Detection/data/train/Images/fruit128.png,400,300,snake fruit,263,90,287,109,4
/home/jun/Github/Master-Thesis/Task1-DragonFruit-Detection/data/train/Images/fruit128.png,400,300,banana,142,43,200,92,1
/home/jun/Github/Master-Thesis/Task1-DragonFruit-Detection/data/train/Images/fruit181.png,600,337,banana,291,61,401,172,1
/home/jun/Github/Master-Thesis/Task1-DragonFruit-Detection/data/train/Images/fruit181.png,600,337,snake fruit,346,216,398,265,4
/home/jun/Github/Master-Thesis/Task1-DragonFruit-Detection/data/train/Images/fruit181.png,600,337,dragon fruit,139,104,260,206,2
/home/jun/Github/Master-Thesis/Task1-DragonFruit-Detection/data/train/Images/fruit14.png,400,300,pineapple,95,75,299,249,3
/home/jun/Github/Master-Thesis/Task1-DragonFruit-Detection/data/train/Images/fruit14.png,400,300,snake fruit,184,235,207,266,4
/home/jun/Github/Master-Thesis/Task1-DragonFruit-Detection/data/train/Images/fruit87.png,400,300,pineapple,201,82,280,202,3
/home/jun/Github/Master-Thesis/Task1-DragonFruit-Detection/data/train/Images/fruit87.png,400,300,snake fruit,151,142,166,161,4
/home/jun/Github/Master-Thesis/Task1-DragonFruit-Detection/data/train/Images/fruit87.png,400,300,banana,144,198,191,247,1
/home/jun/Github/Master-Thesis/Task1-DragonFruit-Detection/data/train/Images/fruit211.png,600,337,banana,293,80,414,184,1
/home/jun/Github/Master-Thesis/Task1-DragonFruit-Detection/data/train/Images/fruit211.png,600,337,snake fruit,263,229,333,278,4
/home/jun/Github/Master-Thesis/Task1-DragonFruit-Detection/data/train/Images/fruit211.png,600,337,dragon fruit,154,57,263,166,2
/home/jun/Github/Master-Thesis/Task1-DragonFruit-Detection/data/train/Images/fruit72.png,400,300,pineapple,201,61,330,188,3
/home/jun/Github/Master-Thesis/Task1-DragonFruit-Detection/data/train/Images/fruit72.png,400,300,snake fruit,181,95,204,112,4
/home/jun/Github/Master-Thesis/Task1-DragonFruit-Detection/data/train/Images/fruit72.png,400,300,banana,95,123,147,172,1
/home/jun/Github/Master-Thesis/Task1-DragonFruit-Detection/data/train/Images/fruit158.png,400,300,pineapple,16,25,195,187,3
/home/jun/Github/Master-Thesis/Task1-DragonFruit-Detection/data/train/Images/fruit158.png,400,300,banana,228,132,313,211,1
/home/jun/Github/Master-Thesis/Task1-DragonFruit-Detection/data/train/Images/fruit209.png,600,337,banana,297,79,413,186,1
/home/jun/Github/Master-Thesis/Task1-DragonFruit-Detection/data/train/Images/fruit209.png,600,337,snake fruit,262,228,338,278,4
/home/jun/Github/Master-Thesis/Task1-DragonFruit-Detection/data/train/Images/fruit209.png,600,337,dragon fruit,152,54,264,166,2
/home/jun/Github/Master-Thesis/Task1-DragonFruit-Detection/data/train/Images/fruit186.png,600,337,banana,293,59,406,171,1
/home/jun/Github/Master-Thesis/Task1-DragonFruit-Detection/data/train/Images/fruit186.png,600,337,snake fruit,351,208,403,269,4
/home/jun/Github/Master-Thesis/Task1-DragonFruit-Detection/data/train/Images/fruit186.png,600,337,dragon fruit,143,97,268,210,2
/home/jun/Github/Master-Thesis/Task1-DragonFruit-Detection/data/train/Images/fruit4.png,400,300,pineapple,70,80,254,189,3
/home/jun/Github/Master-Thesis/Task1-DragonFruit-Detection/data/train/Images/fruit4.png,400,300,snake fruit,228,153,255,180,4
/home/jun/Github/Master-Thesis/Task1-DragonFruit-Detection/data/train/Images/fruit4.png,400,300,dragon fruit,230,191,302,251,2
/home/jun/Github/Master-Thesis/Task1-DragonFruit-Detection/data/train/Images/fruit185.png,600,337,banana,291,63,406,172,1
/home/jun/Github/Master-Thesis/Task1-DragonFruit-Detection/data/train/Images/fruit185.png,600,337,snake fruit,350,206,402,266,4
/home/jun/Github/Master-Thesis/Task1-DragonFruit-Detection/data/train/Images/fruit185.png,600,337,dragon fruit,136,100,267,209,2
/home/jun/Github/Master-Thesis/Task1-DragonFruit-Detection/data/train/Images/fruit126.png,400,300,pineapple,120,75,373,239,3
/home/jun/Github/Master-Thesis/Task1-DragonFruit-Detection/data/train/Images/fruit126.png,400,300,snake fruit,262,89,289,112,4
/home/jun/Github/Master-Thesis/Task1-DragonFruit-Detection/data/train/Images/fruit126.png,400,300,banana,135,44,196,92,1
/home/jun/Github/Master-Thesis/Task1-DragonFruit-Detection/data/train/Images/fruit170.png,600,337,banana,268,62,382,172,1
/home/jun/Github/Master-Thesis/Task1-DragonFruit-Detection/data/train/Images/fruit170.png,600,337,snake fruit,284,218,340,271,4
/home/jun/Github/Master-Thesis/Task1-DragonFruit-Detection/data/train/Images/fruit170.png,600,337,dragon fruit,116,79,228,184,2
/home/jun/Github/Master-Thesis/Task1-DragonFruit-Detection/data/train/Images/fruit134.png,400,300,pineapple,144,36,395,222,3
/home/jun/Github/Master-Thesis/Task1-DragonFruit-Detection/data/train/Images/fruit134.png,400,300,snake fruit,182,73,213,95,4
/home/jun/Github/Master-Thesis/Task1-DragonFruit-Detection/data/train/Images/fruit134.png,400,300,banana,31,88,114,147,1
/home/jun/Github/Master-Thesis/Task1-DragonFruit-Detection/data/train/Images/fruit105.png,400,300,pineapple,43,80,224,188,3
/home/jun/Github/Master-Thesis/Task1-DragonFruit-Detection/data/train/Images/fruit105.png,400,300,snake fruit,203,201,240,225,4
/home/jun/Github/Master-Thesis/Task1-DragonFruit-Detection/data/train/Images/fruit105.png,400,300,banana,282,116,338,178,1
/home/jun/Github/Master-Thesis/Task1-DragonFruit-Detection/data/train/Images/fruit124.png,400,300,pineapple,125,98,362,247,3
/home/jun/Github/Master-Thesis/Task1-DragonFruit-Detection/data/train/Images/fruit124.png,400,300,snake fruit,265,93,289,111,4
/home/jun/Github/Master-Thesis/Task1-DragonFruit-Detection/data/train/Images/fruit124.png,400,300,banana,137,40,199,93,1
/home/jun/Github/Master-Thesis/Task1-DragonFruit-Detection/data/train/Images/fruit151.png,400,300,pineapple,143,79,335,221,3
/home/jun/Github/Master-Thesis/Task1-DragonFruit-Detection/data/train/Images/fruit151.png,400,300,snake fruit,29,145,68,174,4
/home/jun/Github/Master-Thesis/Task1-DragonFruit-Detection/data/train/Images/fruit151.png,400,300,banana,54,101,124,149,1
/home/jun/Github/Master-Thesis/Task1-DragonFruit-Detection/data/train/Images/fruit35.png,400,300,pineapple,121,39,302,188,3
/home/jun/Github/Master-Thesis/Task1-DragonFruit-Detection/data/train/Images/fruit35.png,400,300,snake fruit,182,184,207,223,4
/home/jun/Github/Master-Thesis/Task1-DragonFruit-Detection/data/train/Images/fruit35.png,400,300,dragon fruit,71,183,149,269,2
/home/jun/Github/Master-Thesis/Task1-DragonFruit-Detection/data/train/Images/fruit96.png,400,300,pineapple,140,60,259,163,3
/home/jun/Github/Master-Thesis/Task1-DragonFruit-Detection/data/train/Images/fruit96.png,400,300,snake fruit,125,170,143,196,4
/home/jun/Github/Master-Thesis/Task1-DragonFruit-Detection/data/train/Images/fruit96.png,400,300,banana,192,209,254,261,1
/home/jun/Github/Master-Thesis/Task1-DragonFruit-Detection/data/train/Images/fruit52.png,400,300,pineapple,144,101,299,254,3
/home/jun/Github/Master-Thesis/Task1-DragonFruit-Detection/data/train/Images/fruit52.png,400,300,snake fruit,220,92,238,116,4
/home/jun/Github/Master-Thesis/Task1-DragonFruit-Detection/data/train/Images/fruit52.png,400,300,dragon fruit,260,40,311,97,2
/home/jun/Github/Master-Thesis/Task1-DragonFruit-Detection/data/train/Images/fruit41.png,400,300,pineapple,177,65,314,232,3
/home/jun/Github/Master-Thesis/Task1-DragonFruit-Detection/data/train/Images/fruit41.png,400,300,snake fruit,154,141,181,158,4
/home/jun/Github/Master-Thesis/Task1-DragonFruit-Detection/data/train/Images/fruit41.png,400,300,dragon fruit,107,76,163,125,2
/home/jun/Github/Master-Thesis/Task1-DragonFruit-Detection/data/train/Images/fruit79.png,400,300,pineapple,196,114,281,212,3
/home/jun/Github/Master-Thesis/Task1-DragonFruit-Detection/data/train/Images/fruit79.png,400,300,snake fruit,174,129,193,142,4
/home/jun/Github/Master-Thesis/Task1-DragonFruit-Detection/data/train/Images/fruit79.png,400,300,banana,120,163,154,202,1
/home/jun/Github/Master-Thesis/Task1-DragonFruit-Detection/data/train/Images/fruit49.png,400,300,pineapple,153,112,321,225,3
/home/jun/Github/Master-Thesis/Task1-DragonFruit-Detection/data/train/Images/fruit49.png,400,300,snake fruit,176,115,196,136,4
/home/jun/Github/Master-Thesis/Task1-DragonFruit-Detection/data/train/Images/fruit49.png,400,300,dragon fruit,166,48,216,92,2
/home/jun/Github/Master-Thesis/Task1-DragonFruit-Detection/data/train/Images/fruit23.png,400,300,pineapple,125,32,289,174,3
/home/jun/Github/Master-Thesis/Task1-DragonFruit-Detection/data/train/Images/fruit23.png,400,300,snake fruit,191,178,209,209,4
/home/jun/Github/Master-Thesis/Task1-DragonFruit-Detection/data/train/Images/fruit23.png,400,300,dragon fruit,114,197,173,262,2
/home/jun/Github/Master-Thesis/Task1-DragonFruit-Detection/data/train/Images/fruit21.png,400,300,pineapple,123,56,291,191,3
/home/jun/Github/Master-Thesis/Task1-DragonFruit-Detection/data/train/Images/fruit21.png,400,300,snake fruit,189,194,209,228,4
/home/jun/Github/Master-Thesis/Task1-DragonFruit-Detection/data/train/Images/fruit21.png,400,300,dragon fruit,101,209,165,283,2
/home/jun/Github/Master-Thesis/Task1-DragonFruit-Detection/data/train/Images/fruit73.png,400,300,pineapple,203,60,332,189,3
/home/jun/Github/Master-Thesis/Task1-DragonFruit-Detection/data/train/Images/fruit73.png,400,300,snake fruit,179,95,206,113,4
/home/jun/Github/Master-Thesis/Task1-DragonFruit-Detection/data/train/Images/fruit73.png,400,300,banana,90,122,145,169,1
/home/jun/Github/Master-Thesis/Task1-DragonFruit-Detection/data/train/Images/fruit160.png,300,400,pineapple,74,14,251,255,3
/home/jun/Github/Master-Thesis/Task1-DragonFruit-Detection/data/train/Images/fruit160.png,300,400,snake fruit,166,300,192,331,4
/home/jun/Github/Master-Thesis/Task1-DragonFruit-Detection/data/train/Images/fruit160.png,300,400,banana,70,288,164,370,1
/home/jun/Github/Master-Thesis/Task1-DragonFruit-Detection/data/train/Images/fruit57.png,400,300,pineapple,139,80,275,253,3
/home/jun/Github/Master-Thesis/Task1-DragonFruit-Detection/data/train/Images/fruit57.png,400,300,snake fruit,226,96,248,116,4
/home/jun/Github/Master-Thesis/Task1-DragonFruit-Detection/data/train/Images/fruit57.png,400,300,dragon fruit,278,68,325,120,2
/home/jun/Github/Master-Thesis/Task1-DragonFruit-Detection/data/train/Images/fruit84.png,400,300,pineapple,194,65,282,191,3
/home/jun/Github/Master-Thesis/Task1-DragonFruit-Detection/data/train/Images/fruit84.png,400,300,snake fruit,136,128,155,149,4
/home/jun/Github/Master-Thesis/Task1-DragonFruit-Detection/data/train/Images/fruit84.png,400,300,banana,125,182,180,237,1
/home/jun/Github/Master-Thesis/Task1-DragonFruit-Detection/data/train/Images/fruit129.png,400,300,pineapple,161,112,324,225,3
/home/jun/Github/Master-Thesis/Task1-DragonFruit-Detection/data/train/Images/fruit129.png,400,300,snake fruit,217,88,239,103,4
/home/jun/Github/Master-Thesis/Task1-DragonFruit-Detection/data/train/Images/fruit129.png,400,300,banana,113,85,164,127,1
/home/jun/Github/Master-Thesis/Task1-DragonFruit-Detection/data/train/Images/fruit157.png,400,300,pineapple,44,7,187,175,3
/home/jun/Github/Master-Thesis/Task1-DragonFruit-Detection/data/train/Images/fruit157.png,400,300,snake fruit,254,148,295,172,4
/home/jun/Github/Master-Thesis/Task1-DragonFruit-Detection/data/train/Images/fruit157.png,400,300,banana,167,149,269,230,1
/home/jun/Github/Master-Thesis/Task1-DragonFruit-Detection/data/train/Images/fruit208.png,600,337,banana,298,77,414,180,1
/home/jun/Github/Master-Thesis/Task1-DragonFruit-Detection/data/train/Images/fruit208.png,600,337,snake fruit,265,225,335,280,4
/home/jun/Github/Master-Thesis/Task1-DragonFruit-Detection/data/train/Images/fruit208.png,600,337,dragon fruit,152,56,257,167,2
/home/jun/Github/Master-Thesis/Task1-DragonFruit-Detection/data/train/Images/fruit154.png,400,300,pineapple,168,30,389,180,3
/home/jun/Github/Master-Thesis/Task1-DragonFruit-Detection/data/train/Images/fruit154.png,400,300,snake fruit,131,214,165,266,4
/home/jun/Github/Master-Thesis/Task1-DragonFruit-Detection/data/train/Images/fruit154.png,400,300,banana,73,143,156,212,1
/home/jun/Github/Master-Thesis/Task1-DragonFruit-Detection/data/train/Images/fruit39.png,400,300,pineapple,151,73,299,224,3
/home/jun/Github/Master-Thesis/Task1-DragonFruit-Detection/data/train/Images/fruit39.png,400,300,snake fruit,197,213,217,242,4
/home/jun/Github/Master-Thesis/Task1-DragonFruit-Detection/data/train/Images/fruit39.png,400,300,dragon fruit,114,222,170,286,2
/home/jun/Github/Master-Thesis/Task1-DragonFruit-Detection/data/train/Images/fruit78.png,400,300,pineapple,202,73,323,198,3
/home/jun/Github/Master-Thesis/Task1-DragonFruit-Detection/data/train/Images/fruit78.png,400,300,snake fruit,182,102,202,118,4
/home/jun/Github/Master-Thesis/Task1-DragonFruit-Detection/data/train/Images/fruit78.png,400,300,banana,98,131,149,178,1
/home/jun/Github/Master-Thesis/Task1-DragonFruit-Detection/data/train/Images/fruit10.png,400,300,pineapple,92,116,259,215,3
/home/jun/Github/Master-Thesis/Task1-DragonFruit-Detection/data/train/Images/fruit10.png,400,300,snake fruit,210,207,232,233,4
/home/jun/Github/Master-Thesis/Task1-DragonFruit-Detection/data/train/Images/fruit10.png,400,300,dragon fruit,186,249,243,300,2
/home/jun/Github/Master-Thesis/Task1-DragonFruit-Detection/data/train/Images/fruit80.png,400,300,pineapple,198,107,290,209,3
/home/jun/Github/Master-Thesis/Task1-DragonFruit-Detection/data/train/Images/fruit80.png,400,300,snake fruit,178,122,195,136,4
/home/jun/Github/Master-Thesis/Task1-DragonFruit-Detection/data/train/Images/fruit80.png,400,300,banana,118,156,154,195,1
/home/jun/Github/Master-Thesis/Task1-DragonFruit-Detection/data/train/Images/fruit31.png,400,300,pineapple,118,60,282,198,3
/home/jun/Github/Master-Thesis/Task1-DragonFruit-Detection/data/train/Images/fruit31.png,400,300,snake fruit,178,198,199,233,4
/home/jun/Github/Master-Thesis/Task1-DragonFruit-Detection/data/train/Images/fruit31.png,400,300,dragon fruit,87,212,152,284,2
/home/jun/Github/Master-Thesis/Task1-DragonFruit-Detection/data/train/Images/fruit165.png,600,337,banana,278,71,395,184,1
/home/jun/Github/Master-Thesis/Task1-DragonFruit-Detection/data/train/Images/fruit165.png,600,337,snake fruit,290,229,348,283,4
/home/jun/Github/Master-Thesis/Task1-DragonFruit-Detection/data/train/Images/fruit165.png,600,337,dragon fruit,127,86,241,193,2
/home/jun/Github/Master-Thesis/Task1-DragonFruit-Detection/data/train/Images/fruit141.png,400,300,pineapple,176,98,379,248,3
/home/jun/Github/Master-Thesis/Task1-DragonFruit-Detection/data/train/Images/fruit141.png,400,300,snake fruit,204,86,231,104,4
/home/jun/Github/Master-Thesis/Task1-DragonFruit-Detection/data/train/Images/fruit141.png,400,300,banana,80,114,144,173,1
/home/jun/Github/Master-Thesis/Task1-DragonFruit-Detection/data/train/Images/fruit50.png,400,300,pineapple,165,106,322,205,3
/home/jun/Github/Master-Thesis/Task1-DragonFruit-Detection/data/train/Images/fruit50.png,400,300,snake fruit,203,95,218,116,4
/home/jun/Github/Master-Thesis/Task1-DragonFruit-Detection/data/train/Images/fruit50.png,400,300,dragon fruit,208,35,251,79,2
/home/jun/Github/Master-Thesis/Task1-DragonFruit-Detection/data/train/Images/fruit133.png,400,300,pineapple,160,109,311,227,3
/home/jun/Github/Master-Thesis/Task1-DragonFruit-Detection/data/train/Images/fruit133.png,400,300,snake fruit,187,102,207,116,4
/home/jun/Github/Master-Thesis/Task1-DragonFruit-Detection/data/train/Images/fruit133.png,400,300,banana,89,120,140,164,1
/home/jun/Github/Master-Thesis/Task1-DragonFruit-Detection/data/train/Images/fruit98.png,400,300,pineapple,153,81,258,172,3
/home/jun/Github/Master-Thesis/Task1-DragonFruit-Detection/data/train/Images/fruit98.png,400,300,snake fruit,144,181,162,204,4
/home/jun/Github/Master-Thesis/Task1-DragonFruit-Detection/data/train/Images/fruit98.png,400,300,banana,204,217,253,262,1
/home/jun/Github/Master-Thesis/Task1-DragonFruit-Detection/data/train/Images/fruit123.png,400,300,pineapple,104,43,368,206,3
/home/jun/Github/Master-Thesis/Task1-DragonFruit-Detection/data/train/Images/fruit123.png,400,300,banana,121,27,185,75,1
/home/jun/Github/Master-Thesis/Task1-DragonFruit-Detection/data/train/Images/fruit68.png,400,300,pineapple,76,73,246,200,3
/home/jun/Github/Master-Thesis/Task1-DragonFruit-Detection/data/train/Images/fruit68.png,400,300,snake fruit,223,150,250,172,4
/home/jun/Github/Master-Thesis/Task1-DragonFruit-Detection/data/train/Images/fruit68.png,400,300,dragon fruit,229,196,289,246,2
/home/jun/Github/Master-Thesis/Task1-DragonFruit-Detection/data/train/Images/fruit201.png,600,337,banana,301,68,418,176,1
/home/jun/Github/Master-Thesis/Task1-DragonFruit-Detection/data/train/Images/fruit201.png,600,337,snake fruit,297,226,359,284,4
/home/jun/Github/Master-Thesis/Task1-DragonFruit-Detection/data/train/Images/fruit201.png,600,337,dragon fruit,144,65,257,180,2
/home/jun/Github/Master-Thesis/Task1-DragonFruit-Detection/data/train/Images/fruit17.png,400,300,pineapple,112,3,296,168,3
/home/jun/Github/Master-Thesis/Task1-DragonFruit-Detection/data/train/Images/fruit17.png,400,300,snake fruit,191,165,212,196,4
/home/jun/Github/Master-Thesis/Task1-DragonFruit-Detection/data/train/Images/fruit17.png,400,300,dragon fruit,114,194,175,260,2
/home/jun/Github/Master-Thesis/Task1-DragonFruit-Detection/data/train/Images/fruit27.png,400,300,pineapple,128,12,307,162,3
/home/jun/Github/Master-Thesis/Task1-DragonFruit-Detection/data/train/Images/fruit27.png,400,300,snake fruit,191,159,215,196,4
/home/jun/Github/Master-Thesis/Task1-DragonFruit-Detection/data/train/Images/fruit27.png,400,300,dragon fruit,85,150,161,235,2
/home/jun/Github/Master-Thesis/Task1-DragonFruit-Detection/data/train/Images/fruit178.png,600,337,banana,288,63,407,177,1
/home/jun/Github/Master-Thesis/Task1-DragonFruit-Detection/data/train/Images/fruit178.png,600,337,snake fruit,335,222,388,273,4
/home/jun/Github/Master-Thesis/Task1-DragonFruit-Detection/data/train/Images/fruit178.png,600,337,dragon fruit,131,102,253,212,2
/home/jun/Github/Master-Thesis/Task1-DragonFruit-Detection/data/train/Images/fruit90.png,400,300,pineapple,195,102,262,210,3
/home/jun/Github/Master-Thesis/Task1-DragonFruit-Detection/data/train/Images/fruit90.png,400,300,snake fruit,150,154,164,171,4
/home/jun/Github/Master-Thesis/Task1-DragonFruit-Detection/data/train/Images/fruit90.png,400,300,banana,147,210,186,254,1
/home/jun/Github/Master-Thesis/Task1-DragonFruit-Detection/data/train/Images/fruit196.png,600,337,banana,308,70,424,179,1
/home/jun/Github/Master-Thesis/Task1-DragonFruit-Detection/data/train/Images/fruit196.png,600,337,snake fruit,332,226,389,284,4
/home/jun/Github/Master-Thesis/Task1-DragonFruit-Detection/data/train/Images/fruit196.png,600,337,dragon fruit,147,87,265,205,2
/home/jun/Github/Master-Thesis/Task1-DragonFruit-Detection/data/train/Images/fruit8.png,400,300,pineapple,130,82,319,207,3
/home/jun/Github/Master-Thesis/Task1-DragonFruit-Detection/data/train/Images/fruit8.png,400,300,snake fruit,232,211,255,244,4
/home/jun/Github/Master-Thesis/Task1-DragonFruit-Detection/data/train/Images/fruit8.png,400,300,dragon fruit,181,259,242,300,2
/home/jun/Github/Master-Thesis/Task1-DragonFruit-Detection/data/train/Images/fruit183.png,600,337,banana,289,61,401,174,1
/home/jun/Github/Master-Thesis/Task1-DragonFruit-Detection/data/train/Images/fruit183.png,600,337,snake fruit,348,214,400,263,4
/home/jun/Github/Master-Thesis/Task1-DragonFruit-Detection/data/train/Images/fruit183.png,600,337,dragon fruit,142,100,264,213,2
/home/jun/Github/Master-Thesis/Task1-DragonFruit-Detection/data/train/Images/fruit150.png,400,300,pineapple,146,87,352,211,3
/home/jun/Github/Master-Thesis/Task1-DragonFruit-Detection/data/train/Images/fruit150.png,400,300,snake fruit,36,152,71,179,4
/home/jun/Github/Master-Thesis/Task1-DragonFruit-Detection/data/train/Images/fruit150.png,400,300,banana,54,105,121,154,1
/home/jun/Github/Master-Thesis/Task1-DragonFruit-Detection/data/train/Images/fruit109.png,400,300,pineapple,76,111,226,209,3
/home/jun/Github/Master-Thesis/Task1-DragonFruit-Detection/data/train/Images/fruit109.png,400,300,snake fruit,212,224,241,244,4
/home/jun/Github/Master-Thesis/Task1-DragonFruit-Detection/data/train/Images/fruit109.png,400,300,banana,276,138,322,194,1
/home/jun/Github/Master-Thesis/Task1-DragonFruit-Detection/data/train/Images/fruit175.png,600,337,banana,282,66,394,173,1
/home/jun/Github/Master-Thesis/Task1-DragonFruit-Detection/data/train/Images/fruit175.png,600,337,snake fruit,315,225,370,278,4
/home/jun/Github/Master-Thesis/Task1-DragonFruit-Detection/data/train/Images/fruit175.png,600,337,dragon fruit,122,96,242,203,2
/home/jun/Github/Master-Thesis/Task1-DragonFruit-Detection/data/train/Images/fruit92.png,400,300,pineapple,138,48,264,154,3
/home/jun/Github/Master-Thesis/Task1-DragonFruit-Detection/data/train/Images/fruit92.png,400,300,snake fruit,123,160,143,188,4
/home/jun/Github/Master-Thesis/Task1-DragonFruit-Detection/data/train/Images/fruit92.png,400,300,banana,196,199,261,253,1
/home/jun/Github/Master-Thesis/Task1-DragonFruit-Detection/data/train/Images/fruit117.png,400,300,pineapple,128,107,248,261,3
/home/jun/Github/Master-Thesis/Task1-DragonFruit-Detection/data/train/Images/fruit117.png,400,300,snake fruit,274,161,292,181,4
/home/jun/Github/Master-Thesis/Task1-DragonFruit-Detection/data/train/Images/fruit117.png,400,300,banana,214,70,264,117,1
/home/jun/Github/Master-Thesis/Task1-DragonFruit-Detection/data/train/Images/fruit20.png,400,300,pineapple,107,36,302,211,3
/home/jun/Github/Master-Thesis/Task1-DragonFruit-Detection/data/train/Images/fruit20.png,400,300,snake fruit,191,201,213,232,4
/home/jun/Github/Master-Thesis/Task1-DragonFruit-Detection/data/train/Images/fruit20.png,400,300,dragon fruit,112,232,173,299,2
/home/jun/Github/Master-Thesis/Task1-DragonFruit-Detection/data/train/Images/fruit28.png,400,300,pineapple,131,24,311,173,3
/home/jun/Github/Master-Thesis/Task1-DragonFruit-Detection/data/train/Images/fruit28.png,400,300,snake fruit,195,171,218,211,4
/home/jun/Github/Master-Thesis/Task1-DragonFruit-Detection/data/train/Images/fruit28.png,400,300,dragon fruit,92,171,166,256,2
/home/jun/Github/Master-Thesis/Task1-DragonFruit-Detection/data/train/Images/fruit148.png,400,300,pineapple,152,73,324,248,3
/home/jun/Github/Master-Thesis/Task1-DragonFruit-Detection/data/train/Images/fruit148.png,400,300,snake fruit,63,100,95,122,4
/home/jun/Github/Master-Thesis/Task1-DragonFruit-Detection/data/train/Images/fruit148.png,400,300,banana,102,65,160,115,1
/home/jun/Github/Master-Thesis/Task1-DragonFruit-Detection/data/train/Images/fruit66.png,400,300,pineapple,76,69,240,202,3
/home/jun/Github/Master-Thesis/Task1-DragonFruit-Detection/data/train/Images/fruit66.png,400,300,snake fruit,226,144,251,169,4
/home/jun/Github/Master-Thesis/Task1-DragonFruit-Detection/data/train/Images/fruit66.png,400,300,dragon fruit,238,187,296,235,2
/home/jun/Github/Master-Thesis/Task1-DragonFruit-Detection/data/train/Images/fruit187.png,600,337,banana,295,61,408,174,1
/home/jun/Github/Master-Thesis/Task1-DragonFruit-Detection/data/train/Images/fruit187.png,600,337,snake fruit,349,208,406,269,4
/home/jun/Github/Master-Thesis/Task1-DragonFruit-Detection/data/train/Images/fruit187.png,600,337,dragon fruit,143,94,269,207,2
/home/jun/Github/Master-Thesis/Task1-DragonFruit-Detection/data/train/Images/fruit174.png,600,337,banana,278,66,390,174,1
/home/jun/Github/Master-Thesis/Task1-DragonFruit-Detection/data/train/Images/fruit174.png,600,337,snake fruit,306,225,362,277,4
/home/jun/Github/Master-Thesis/Task1-DragonFruit-Detection/data/train/Images/fruit174.png,600,337,dragon fruit,112,93,238,200,2
/home/jun/Github/Master-Thesis/Task1-DragonFruit-Detection/data/train/Images/fruit44.png,400,300,pineapple,189,32,295,216,3
/home/jun/Github/Master-Thesis/Task1-DragonFruit-Detection/data/train/Images/fruit44.png,400,300,snake fruit,158,148,185,169,4
/home/jun/Github/Master-Thesis/Task1-DragonFruit-Detection/data/train/Images/fruit44.png,400,300,dragon fruit,89,103,145,158,2
/home/jun/Github/Master-Thesis/Task1-DragonFruit-Detection/data/train/Images/fruit100.png,400,300,pineapple,37,47,225,165,3
/home/jun/Github/Master-Thesis/Task1-DragonFruit-Detection/data/train/Images/fruit100.png,400,300,snake fruit,203,176,241,202,4
/home/jun/Github/Master-Thesis/Task1-DragonFruit-Detection/data/train/Images/fruit100.png,400,300,banana,285,97,342,156,1
/home/jun/Github/Master-Thesis/Task1-DragonFruit-Detection/data/train/Images/fruit142.png,400,300,pineapple,215,30,313,203,3
/home/jun/Github/Master-Thesis/Task1-DragonFruit-Detection/data/train/Images/fruit142.png,400,300,snake fruit,146,98,166,124,4
/home/jun/Github/Master-Thesis/Task1-DragonFruit-Detection/data/train/Images/fruit142.png,400,300,banana,129,186,181,246,1
/home/jun/Github/Master-Thesis/Task1-DragonFruit-Detection/data/train/Images/fruit172.png,600,337,banana,271,62,384,171,1
/home/jun/Github/Master-Thesis/Task1-DragonFruit-Detection/data/train/Images/fruit172.png,600,337,snake fruit,292,220,348,272,4
/home/jun/Github/Master-Thesis/Task1-DragonFruit-Detection/data/train/Images/fruit172.png,600,337,dragon fruit,110,83,230,188,2
/home/jun/Github/Master-Thesis/Task1-DragonFruit-Detection/data/train/Images/fruit61.png,400,300,pineapple,105,76,218,256,3
/home/jun/Github/Master-Thesis/Task1-DragonFruit-Detection/data/train/Images/fruit61.png,400,300,snake fruit,224,134,251,152,4
/home/jun/Github/Master-Thesis/Task1-DragonFruit-Detection/data/train/Images/fruit61.png,400,300,dragon fruit,268,144,326,201,2
/home/jun/Github/Master-Thesis/Task1-DragonFruit-Detection/data/train/Images/fruit197.png,600,337,banana,305,70,421,183,1
/home/jun/Github/Master-Thesis/Task1-DragonFruit-Detection/data/train/Images/fruit197.png,600,337,snake fruit,323,232,379,293,4
/home/jun/Github/Master-Thesis/Task1-DragonFruit-Detection/data/train/Images/fruit197.png,600,337,dragon fruit,144,84,264,200,2
/home/jun/Github/Master-Thesis/Task1-DragonFruit-Detection/data/train/Images/fruit132.png,400,300,pineapple,150,76,370,249,3
/home/jun/Github/Master-Thesis/Task1-DragonFruit-Detection/data/train/Images/fruit132.png,400,300,snake fruit,179,90,207,111,4
/home/jun/Github/Master-Thesis/Task1-DragonFruit-Detection/data/train/Images/fruit132.png,400,300,banana,43,115,116,172,1
/home/jun/Github/Master-Thesis/Task1-DragonFruit-Detection/data/train/Images/fruit59.png,400,300,pineapple,143,83,279,256,3
/home/jun/Github/Master-Thesis/Task1-DragonFruit-Detection/data/train/Images/fruit59.png,400,300,snake fruit,222,90,242,114,4
/home/jun/Github/Master-Thesis/Task1-DragonFruit-Detection/data/train/Images/fruit59.png,400,300,dragon fruit,270,55,316,108,2
/home/jun/Github/Master-Thesis/Task1-DragonFruit-Detection/data/train/Images/fruit184.png,600,337,banana,290,61,403,172,1
/home/jun/Github/Master-Thesis/Task1-DragonFruit-Detection/data/train/Images/fruit184.png,600,337,snake fruit,347,207,401,267,4
/home/jun/Github/Master-Thesis/Task1-DragonFruit-Detection/data/train/Images/fruit184.png,600,337,dragon fruit,139,98,265,210,2
/home/jun/Github/Master-Thesis/Task1-DragonFruit-Detection/data/train/Images/fruit94.png,400,300,pineapple,136,47,262,155,3
/home/jun/Github/Master-Thesis/Task1-DragonFruit-Detection/data/train/Images/fruit94.png,400,300,snake fruit,113,157,134,184,4
/home/jun/Github/Master-Thesis/Task1-DragonFruit-Detection/data/train/Images/fruit94.png,400,300,banana,190,191,261,249,1
/home/jun/Github/Master-Thesis/Task1-DragonFruit-Detection/data/train/Images/fruit146.png,400,300,pineapple,111,46,298,245,3
/home/jun/Github/Master-Thesis/Task1-DragonFruit-Detection/data/train/Images/fruit146.png,400,300,snake fruit,97,52,127,71,4
/home/jun/Github/Master-Thesis/Task1-DragonFruit-Detection/data/train/Images/fruit146.png,400,300,banana,142,26,188,69,1
/home/jun/Github/Master-Thesis/Task1-DragonFruit-Detection/data/train/Images/fruit63.png,400,300,pineapple,115,67,238,248,3
/home/jun/Github/Master-Thesis/Task1-DragonFruit-Detection/data/train/Images/fruit63.png,400,300,snake fruit,226,111,252,132,4
/home/jun/Github/Master-Thesis/Task1-DragonFruit-Detection/data/train/Images/fruit63.png,400,300,dragon fruit,274,111,330,166,2
/home/jun/Github/Master-Thesis/Task1-DragonFruit-Detection/data/train/Images/fruit107.png,400,300,pineapple,57,99,225,199,3
/home/jun/Github/Master-Thesis/Task1-DragonFruit-Detection/data/train/Images/fruit107.png,400,300,snake fruit,209,214,241,236,4
/home/jun/Github/Master-Thesis/Task1-DragonFruit-Detection/data/train/Images/fruit107.png,400,300,banana,279,128,330,187,1
/home/jun/Github/Master-Thesis/Task1-DragonFruit-Detection/data/train/Images/fruit152.png,400,300,pineapple,147,75,347,193,3
/home/jun/Github/Master-Thesis/Task1-DragonFruit-Detection/data/train/Images/fruit152.png,400,300,snake fruit,47,152,82,179,4
/home/jun/Github/Master-Thesis/Task1-DragonFruit-Detection/data/train/Images/fruit152.png,400,300,banana,53,105,121,152,1
/home/jun/Github/Master-Thesis/Task1-DragonFruit-Detection/data/train/Images/fruit202.png,600,337,banana,301,67,415,176,1
/home/jun/Github/Master-Thesis/Task1-DragonFruit-Detection/data/train/Images/fruit202.png,600,337,snake fruit,290,223,353,277,4
/home/jun/Github/Master-Thesis/Task1-DragonFruit-Detection/data/train/Images/fruit202.png,600,337,dragon fruit,147,56,255,175,2
/home/jun/Github/Master-Thesis/Task1-DragonFruit-Detection/data/train/Images/fruit55.png,400,300,pineapple,127,71,261,252,3
/home/jun/Github/Master-Thesis/Task1-DragonFruit-Detection/data/train/Images/fruit55.png,400,300,snake fruit,227,102,252,122,4
/home/jun/Github/Master-Thesis/Task1-DragonFruit-Detection/data/train/Images/fruit55.png,400,300,dragon fruit,279,87,329,140,2
/home/jun/Github/Master-Thesis/Task1-DragonFruit-Detection/data/train/Images/fruit97.png,400,300,pineapple,149,80,250,170,3
/home/jun/Github/Master-Thesis/Task1-DragonFruit-Detection/data/train/Images/fruit97.png,400,300,snake fruit,140,177,157,199,4
/home/jun/Github/Master-Thesis/Task1-DragonFruit-Detection/data/train/Images/fruit97.png,400,300,banana,196,212,244,255,1
/home/jun/Github/Master-Thesis/Task1-DragonFruit-Detection/data/train/Images/fruit54.png,400,300,pineapple,152,126,313,246,3
/home/jun/Github/Master-Thesis/Task1-DragonFruit-Detection/data/train/Images/fruit54.png,400,300,snake fruit,218,105,235,129,4
/home/jun/Github/Master-Thesis/Task1-DragonFruit-Detection/data/train/Images/fruit54.png,400,300,dragon fruit,247,49,294,104,2
/home/jun/Github/Master-Thesis/Task1-DragonFruit-Detection/data/train/Images/fruit5.png,400,300,pineapple,52,69,255,199,3
/home/jun/Github/Master-Thesis/Task1-DragonFruit-Detection/data/train/Images/fruit5.png,400,300,snake fruit,228,147,262,176,4
/home/jun/Github/Master-Thesis/Task1-DragonFruit-Detection/data/train/Images/fruit5.png,400,300,dragon fruit,241,189,321,256,2
/home/jun/Github/Master-Thesis/Task1-DragonFruit-Detection/data/train/Images/fruit56.png,400,300,pineapple,134,82,269,260,3
/home/jun/Github/Master-Thesis/Task1-DragonFruit-Detection/data/train/Images/fruit56.png,400,300,snake fruit,228,104,250,123,4
/home/jun/Github/Master-Thesis/Task1-DragonFruit-Detection/data/train/Images/fruit56.png,400,300,dragon fruit,277,82,328,136,2
/home/jun/Github/Master-Thesis/Task1-DragonFruit-Detection/data/train/Images/fruit43.png,400,300,pineapple,199,37,303,220,3
/home/jun/Github/Master-Thesis/Task1-DragonFruit-Detection/data/train/Images/fruit43.png,400,300,snake fruit,165,148,192,167,4
/home/jun/Github/Master-Thesis/Task1-DragonFruit-Detection/data/train/Images/fruit43.png,400,300,dragon fruit,100,95,156,150,2
/home/jun/Github/Master-Thesis/Task1-DragonFruit-Detection/data/train/Images/fruit65.png,400,300,pineapple,77,70,246,196,3
/home/jun/Github/Master-Thesis/Task1-DragonFruit-Detection/data/train/Images/fruit65.png,400,300,snake fruit,226,143,255,169,4
/home/jun/Github/Master-Thesis/Task1-DragonFruit-Detection/data/train/Images/fruit65.png,400,300,dragon fruit,234,190,295,238,2
/home/jun/Github/Master-Thesis/Task1-DragonFruit-Detection/data/train/Images/fruit167.png,600,337,banana,273,67,389,179,1
/home/jun/Github/Master-Thesis/Task1-DragonFruit-Detection/data/train/Images/fruit167.png,600,337,snake fruit,285,224,342,278,4
/home/jun/Github/Master-Thesis/Task1-DragonFruit-Detection/data/train/Images/fruit167.png,600,337,dragon fruit,121,82,234,188,2
/home/jun/Github/Master-Thesis/Task1-DragonFruit-Detection/data/train/Images/fruit168.png,600,337,banana,270,65,386,176,1
/home/jun/Github/Master-Thesis/Task1-DragonFruit-Detection/data/train/Images/fruit168.png,600,337,snake fruit,284,221,340,275,4
/home/jun/Github/Master-Thesis/Task1-DragonFruit-Detection/data/train/Images/fruit168.png,600,337,dragon fruit,118,80,231,186,2
/home/jun/Github/Master-Thesis/Task1-DragonFruit-Detection/data/train/Images/fruit136.png,400,300,pineapple,150,69,389,256,3
/home/jun/Github/Master-Thesis/Task1-DragonFruit-Detection/data/train/Images/fruit136.png,400,300,snake fruit,186,81,215,104,4
/home/jun/Github/Master-Thesis/Task1-DragonFruit-Detection/data/train/Images/fruit136.png,400,300,banana,42,104,117,167,1
/home/jun/Github/Master-Thesis/Task1-DragonFruit-Detection/data/train/Images/fruit3.png,400,300,pineapple,82,101,244,197,3
/home/jun/Github/Master-Thesis/Task1-DragonFruit-Detection/data/train/Images/fruit3.png,400,300,snake fruit,216,169,242,192,4
/home/jun/Github/Master-Thesis/Task1-DragonFruit-Detection/data/train/Images/fruit3.png,400,300,dragon fruit,215,202,277,261,2
/home/jun/Github/Master-Thesis/Task1-DragonFruit-Detection/data/train/Images/fruit34.png,400,300,pineapple,118,35,299,183,3
/home/jun/Github/Master-Thesis/Task1-DragonFruit-Detection/data/train/Images/fruit34.png,400,300,snake fruit,180,182,206,221,4
/home/jun/Github/Master-Thesis/Task1-DragonFruit-Detection/data/train/Images/fruit34.png,400,300,dragon fruit,75,183,149,268,2
/home/jun/Github/Master-Thesis/Task1-DragonFruit-Detection/data/train/Images/fruit114.png,400,300,pineapple,116,96,257,261,3
/home/jun/Github/Master-Thesis/Task1-DragonFruit-Detection/data/train/Images/fruit114.png,400,300,snake fruit,284,157,305,177,4
/home/jun/Github/Master-Thesis/Task1-DragonFruit-Detection/data/train/Images/fruit114.png,400,300,banana,216,70,268,117,1
/home/jun/Github/Master-Thesis/Task1-DragonFruit-Detection/data/train/Images/fruit40.png,400,300,pineapple,141,68,296,213,3
/home/jun/Github/Master-Thesis/Task1-DragonFruit-Detection/data/train/Images/fruit40.png,400,300,snake fruit,197,209,216,241,4
/home/jun/Github/Master-Thesis/Task1-DragonFruit-Detection/data/train/Images/fruit40.png,400,300,dragon fruit,113,219,170,286,2
/home/jun/Github/Master-Thesis/Task1-DragonFruit-Detection/data/train/Images/fruit180.png,600,337,banana,291,62,402,174,1
/home/jun/Github/Master-Thesis/Task1-DragonFruit-Detection/data/train/Images/fruit180.png,600,337,snake fruit,344,218,396,268,4
/home/jun/Github/Master-Thesis/Task1-DragonFruit-Detection/data/train/Images/fruit180.png,600,337,dragon fruit,136,103,259,212,2
/home/jun/Github/Master-Thesis/Task1-DragonFruit-Detection/data/train/Images/fruit102.png,400,300,pineapple,35,59,221,177,3
/home/jun/Github/Master-Thesis/Task1-DragonFruit-Detection/data/train/Images/fruit102.png,400,300,snake fruit,199,187,237,214,4
/home/jun/Github/Master-Thesis/Task1-DragonFruit-Detection/data/train/Images/fruit102.png,400,300,banana,280,106,337,167,1
/home/jun/Github/Master-Thesis/Task1-DragonFruit-Detection/data/train/Images/fruit144.png,400,300,pineapple,201,20,305,192,3
/home/jun/Github/Master-Thesis/Task1-DragonFruit-Detection/data/train/Images/fruit144.png,400,300,snake fruit,139,101,156,124,4
/home/jun/Github/Master-Thesis/Task1-DragonFruit-Detection/data/train/Images/fruit144.png,400,300,banana,136,191,190,253,1
/home/jun/Github/Master-Thesis/Task1-DragonFruit-Detection/data/train/Images/fruit64.png,400,300,pineapple,118,68,249,251,3
/home/jun/Github/Master-Thesis/Task1-DragonFruit-Detection/data/train/Images/fruit64.png,400,300,snake fruit,224,106,247,124,4
/home/jun/Github/Master-Thesis/Task1-DragonFruit-Detection/data/train/Images/fruit64.png,400,300,dragon fruit,274,96,326,150,2
/home/jun/Github/Master-Thesis/Task1-DragonFruit-Detection/data/train/Images/fruit130.png,400,300,pineapple,168,127,345,240,3
/home/jun/Github/Master-Thesis/Task1-DragonFruit-Detection/data/train/Images/fruit130.png,400,300,snake fruit,257,96,279,115,4
/home/jun/Github/Master-Thesis/Task1-DragonFruit-Detection/data/train/Images/fruit130.png,400,300,banana,149,64,200,110,1
/home/jun/Github/Master-Thesis/Task1-DragonFruit-Detection/data/train/Images/fruit110.png,400,300,pineapple,66,103,222,204,3
/home/jun/Github/Master-Thesis/Task1-DragonFruit-Detection/data/train/Images/fruit110.png,400,300,snake fruit,207,219,238,240,4
/home/jun/Github/Master-Thesis/Task1-DragonFruit-Detection/data/train/Images/fruit110.png,400,300,banana,273,132,322,191,1
/home/jun/Github/Master-Thesis/Task1-DragonFruit-Detection/data/train/Images/fruit12.png,400,300,pineapple,107,62,312,247,3
/home/jun/Github/Master-Thesis/Task1-DragonFruit-Detection/data/train/Images/fruit12.png,400,300,snake fruit,194,217,217,246,4
/home/jun/Github/Master-Thesis/Task1-DragonFruit-Detection/data/train/Images/fruit12.png,400,300,dragon fruit,110,250,175,300,2
/home/jun/Github/Master-Thesis/Task1-DragonFruit-Detection/data/train/Images/fruit45.png,400,300,pineapple,186,40,300,226,3
/home/jun/Github/Master-Thesis/Task1-DragonFruit-Detection/data/train/Images/fruit45.png,400,300,snake fruit,173,176,200,193,4
/home/jun/Github/Master-Thesis/Task1-DragonFruit-Detection/data/train/Images/fruit45.png,400,300,dragon fruit,97,146,149,203,2
/home/jun/Github/Master-Thesis/Task1-DragonFruit-Detection/data/train/Images/fruit22.png,400,300,pineapple,125,40,289,179,3
/home/jun/Github/Master-Thesis/Task1-DragonFruit-Detection/data/train/Images/fruit22.png,400,300,snake fruit,191,182,210,214,4
/home/jun/Github/Master-Thesis/Task1-DragonFruit-Detection/data/train/Images/fruit22.png,400,300,dragon fruit,110,199,169,267,2
/home/jun/Github/Master-Thesis/Task1-DragonFruit-Detection/data/train/Images/fruit113.png,400,300,pineapple,115,76,260,226,3
/home/jun/Github/Master-Thesis/Task1-DragonFruit-Detection/data/train/Images/fruit113.png,400,300,snake fruit,292,132,314,153,4
/home/jun/Github/Master-Thesis/Task1-DragonFruit-Detection/data/train/Images/fruit113.png,400,300,banana,221,55,276,101,1
/home/jun/Github/Master-Thesis/Task1-DragonFruit-Detection/data/train/Images/fruit140.png,400,300,pineapple,183,103,375,258,3
/home/jun/Github/Master-Thesis/Task1-DragonFruit-Detection/data/train/Images/fruit140.png,400,300,snake fruit,195,88,223,107,4
/home/jun/Github/Master-Thesis/Task1-DragonFruit-Detection/data/train/Images/fruit140.png,400,300,banana,75,130,141,191,1
/home/jun/Github/Master-Thesis/Task1-DragonFruit-Detection/data/train/Images/fruit37.png,400,300,pineapple,158,51,284,226,3
/home/jun/Github/Master-Thesis/Task1-DragonFruit-Detection/data/train/Images/fruit37.png,400,300,snake fruit,177,192,200,217,4
/home/jun/Github/Master-Thesis/Task1-DragonFruit-Detection/data/train/Images/fruit37.png,400,300,dragon fruit,97,180,149,238,2
/home/jun/Github/Master-Thesis/Task1-DragonFruit-Detection/data/train/Images/fruit125.png,400,300,pineapple,127,96,367,249,3
/home/jun/Github/Master-Thesis/Task1-DragonFruit-Detection/data/train/Images/fruit125.png,400,300,snake fruit,267,97,292,117,4
/home/jun/Github/Master-Thesis/Task1-DragonFruit-Detection/data/train/Images/fruit125.png,400,300,banana,141,47,201,96,1
/home/jun/Github/Master-Thesis/Task1-DragonFruit-Detection/data/train/Images/fruit198.png,600,337,banana,306,71,423,185,1
/home/jun/Github/Master-Thesis/Task1-DragonFruit-Detection/data/train/Images/fruit198.png,600,337,snake fruit,317,229,376,290,4
/home/jun/Github/Master-Thesis/Task1-DragonFruit-Detection/data/train/Images/fruit198.png,600,337,dragon fruit,143,82,264,198,2
/home/jun/Github/Master-Thesis/Task1-DragonFruit-Detection/data/train/Images/fruit103.png,400,300,pineapple,50,86,222,190,3
/home/jun/Github/Master-Thesis/Task1-DragonFruit-Detection/data/train/Images/fruit103.png,400,300,snake fruit,202,205,237,228,4
/home/jun/Github/Master-Thesis/Task1-DragonFruit-Detection/data/train/Images/fruit103.png,400,300,banana,275,119,328,178,1
/home/jun/Github/Master-Thesis/Task1-DragonFruit-Detection/data/train/Images/fruit120.png,400,300,pineapple,126,123,234,276,3
/home/jun/Github/Master-Thesis/Task1-DragonFruit-Detection/data/train/Images/fruit120.png,400,300,snake fruit,260,170,277,191,4
/home/jun/Github/Master-Thesis/Task1-DragonFruit-Detection/data/train/Images/fruit120.png,400,300,banana,206,78,252,122,1
/home/jun/Github/Master-Thesis/Task1-DragonFruit-Detection/data/train/Images/fruit26.png,400,300,pineapple,134,29,313,173,3
/home/jun/Github/Master-Thesis/Task1-DragonFruit-Detection/data/train/Images/fruit26.png,400,300,snake fruit,196,167,219,203,4
/home/jun/Github/Master-Thesis/Task1-DragonFruit-Detection/data/train/Images/fruit26.png,400,300,dragon fruit,90,160,164,243,2
/home/jun/Github/Master-Thesis/Task1-DragonFruit-Detection/data/train/Images/fruit48.png,400,300,pineapple,158,125,331,217,3
/home/jun/Github/Master-Thesis/Task1-DragonFruit-Detection/data/train/Images/fruit48.png,400,300,snake fruit,199,112,218,136,4
/home/jun/Github/Master-Thesis/Task1-DragonFruit-Detection/data/train/Images/fruit48.png,400,300,dragon fruit,198,50,244,94,2
/home/jun/Github/Master-Thesis/Task1-DragonFruit-Detection/data/train/Images/fruit200.png,600,337,banana,303,70,419,179,1
/home/jun/Github/Master-Thesis/Task1-DragonFruit-Detection/data/train/Images/fruit200.png,600,337,snake fruit,302,231,363,286,4
/home/jun/Github/Master-Thesis/Task1-DragonFruit-Detection/data/train/Images/fruit200.png,600,337,dragon fruit,144,72,259,189,2
/home/jun/Github/Master-Thesis/Task1-DragonFruit-Detection/data/train/Images/fruit46.png,400,300,pineapple,167,78,319,222,3
/home/jun/Github/Master-Thesis/Task1-DragonFruit-Detection/data/train/Images/fruit46.png,400,300,snake fruit,158,130,185,150,4
/home/jun/Github/Master-Thesis/Task1-DragonFruit-Detection/data/train/Images/fruit46.png,400,300,dragon fruit,123,63,176,106,2
/home/jun/Github/Master-Thesis/Task1-DragonFruit-Detection/data/train/Images/fruit121.png,400,300,pineapple,128,122,235,269,3
/home/jun/Github/Master-Thesis/Task1-DragonFruit-Detection/data/train/Images/fruit121.png,400,300,snake fruit,260,168,278,188,4
/home/jun/Github/Master-Thesis/Task1-DragonFruit-Detection/data/train/Images/fruit121.png,400,300,banana,205,79,251,123,1
/home/jun/Github/Master-Thesis/Task1-DragonFruit-Detection/data/train/Images/fruit139.png,400,300,pineapple,161,70,396,260,3
/home/jun/Github/Master-Thesis/Task1-DragonFruit-Detection/data/train/Images/fruit139.png,400,300,snake fruit,193,78,223,98,4
/home/jun/Github/Master-Thesis/Task1-DragonFruit-Detection/data/train/Images/fruit139.png,400,300,banana,50,103,125,165,1
/home/jun/Github/Master-Thesis/Task1-DragonFruit-Detection/data/train/Images/fruit177.png,600,337,banana,287,64,399,179,1
/home/jun/Github/Master-Thesis/Task1-DragonFruit-Detection/data/train/Images/fruit177.png,600,337,snake fruit,329,224,383,275,4
/home/jun/Github/Master-Thesis/Task1-DragonFruit-Detection/data/train/Images/fruit177.png,600,337,dragon fruit,127,101,250,203,2
/home/jun/Github/Master-Thesis/Task1-DragonFruit-Detection/data/train/Images/fruit77.png,400,300,pineapple,202,83,319,204,3
/home/jun/Github/Master-Thesis/Task1-DragonFruit-Detection/data/train/Images/fruit77.png,400,300,snake fruit,182,110,204,125,4
/home/jun/Github/Master-Thesis/Task1-DragonFruit-Detection/data/train/Images/fruit77.png,400,300,banana,104,140,151,185,1
/home/jun/Github/Master-Thesis/Task1-DragonFruit-Detection/data/train/Images/fruit15.png,400,300,pineapple,105,66,305,238,3
/home/jun/Github/Master-Thesis/Task1-DragonFruit-Detection/data/train/Images/fruit15.png,400,300,snake fruit,191,229,215,259,4
/home/jun/Github/Master-Thesis/Task1-DragonFruit-Detection/data/train/Images/fruit99.png,400,300,pineapple,155,80,261,175,3
/home/jun/Github/Master-Thesis/Task1-DragonFruit-Detection/data/train/Images/fruit99.png,400,300,snake fruit,143,184,161,208,4
/home/jun/Github/Master-Thesis/Task1-DragonFruit-Detection/data/train/Images/fruit99.png,400,300,banana,203,222,257,269,1
/home/jun/Github/Master-Thesis/Task1-DragonFruit-Detection/data/train/Images/fruit74.png,400,300,pineapple,192,59,324,191,3
/home/jun/Github/Master-Thesis/Task1-DragonFruit-Detection/data/train/Images/fruit74.png,400,300,snake fruit,171,99,194,118,4
/home/jun/Github/Master-Thesis/Task1-DragonFruit-Detection/data/train/Images/fruit74.png,400,300,banana,76,123,133,171,1
/home/jun/Github/Master-Thesis/Task1-DragonFruit-Detection/data/train/Images/fruit135.png,400,300,pineapple,158,52,394,235,3
/home/jun/Github/Master-Thesis/Task1-DragonFruit-Detection/data/train/Images/fruit135.png,400,300,snake fruit,194,80,224,103,4
/home/jun/Github/Master-Thesis/Task1-DragonFruit-Detection/data/train/Images/fruit135.png,400,300,banana,50,97,127,155,1
/home/jun/Github/Master-Thesis/Task1-DragonFruit-Detection/data/train/Images/fruit19.png,400,300,pineapple,104,50,306,223,3
/home/jun/Github/Master-Thesis/Task1-DragonFruit-Detection/data/train/Images/fruit19.png,400,300,snake fruit,192,211,214,241,4
/home/jun/Github/Master-Thesis/Task1-DragonFruit-Detection/data/train/Images/fruit19.png,400,300,dragon fruit,112,243,173,300,2
/home/jun/Github/Master-Thesis/Task1-DragonFruit-Detection/data/train/Images/fruit32.png,400,300,pineapple,115,47,283,190,3
/home/jun/Github/Master-Thesis/Task1-DragonFruit-Detection/data/train/Images/fruit32.png,400,300,snake fruit,174,189,198,222,4
/home/jun/Github/Master-Thesis/Task1-DragonFruit-Detection/data/train/Images/fruit32.png,400,300,dragon fruit,82,198,147,275,2
/home/jun/Github/Master-Thesis/Task1-DragonFruit-Detection/data/train/Images/fruit161.png,300,400,pineapple,90,31,243,240,3
/home/jun/Github/Master-Thesis/Task1-DragonFruit-Detection/data/train/Images/fruit161.png,300,400,snake fruit,172,282,193,309,4
/home/jun/Github/Master-Thesis/Task1-DragonFruit-Detection/data/train/Images/fruit161.png,300,400,banana,84,265,159,338,1
/home/jun/Github/Master-Thesis/Task1-DragonFruit-Detection/data/train/Images/fruit62.png,400,300,pineapple,108,79,225,260,3
/home/jun/Github/Master-Thesis/Task1-DragonFruit-Detection/data/train/Images/fruit62.png,400,300,snake fruit,223,128,251,149,4
/home/jun/Github/Master-Thesis/Task1-DragonFruit-Detection/data/train/Images/fruit62.png,400,300,dragon fruit,270,134,327,189,2
/home/jun/Github/Master-Thesis/Task1-DragonFruit-Detection/data/train/Images/fruit2.png,400,300,pineapple,92,115,248,198,3
/home/jun/Github/Master-Thesis/Task1-DragonFruit-Detection/data/train/Images/fruit2.png,400,300,snake fruit,217,185,243,209,4
/home/jun/Github/Master-Thesis/Task1-DragonFruit-Detection/data/train/Images/fruit2.png,400,300,dragon fruit,212,217,271,269,2
/home/jun/Github/Master-Thesis/Task1-DragonFruit-Detection/data/train/Images/fruit33.png,400,300,pineapple,113,33,289,180,3
/home/jun/Github/Master-Thesis/Task1-DragonFruit-Detection/data/train/Images/fruit33.png,400,300,snake fruit,177,179,199,216,4
/home/jun/Github/Master-Thesis/Task1-DragonFruit-Detection/data/train/Images/fruit33.png,400,300,dragon fruit,76,184,147,265,2
/home/jun/Github/Master-Thesis/Task1-DragonFruit-Detection/data/train/Images/fruit82.png,400,300,pineapple,187,62,274,183,3
/home/jun/Github/Master-Thesis/Task1-DragonFruit-Detection/data/train/Images/fruit82.png,400,300,snake fruit,132,126,150,146,4
/home/jun/Github/Master-Thesis/Task1-DragonFruit-Detection/data/train/Images/fruit82.png,400,300,banana,119,176,175,230,1
/home/jun/Github/Master-Thesis/Task1-DragonFruit-Detection/data/train/Images/fruit106.png,400,300,pineapple,61,105,223,204,3
/home/jun/Github/Master-Thesis/Task1-DragonFruit-Detection/data/train/Images/fruit106.png,400,300,snake fruit,205,219,237,240,4
/home/jun/Github/Master-Thesis/Task1-DragonFruit-Detection/data/train/Images/fruit106.png,400,300,banana,274,134,325,192,1
/home/jun/Github/Master-Thesis/Task1-DragonFruit-Detection/data/train/Images/fruit86.png,400,300,pineapple,204,88,276,202,3
/home/jun/Github/Master-Thesis/Task1-DragonFruit-Detection/data/train/Images/fruit86.png,400,300,snake fruit,154,145,168,162,4
/home/jun/Github/Master-Thesis/Task1-DragonFruit-Detection/data/train/Images/fruit86.png,400,300,banana,148,198,191,245,1
/home/jun/Github/Master-Thesis/Task1-DragonFruit-Detection/data/train/Images/fruit143.png,400,300,pineapple,208,17,313,185,3
/home/jun/Github/Master-Thesis/Task1-DragonFruit-Detection/data/train/Images/fruit143.png,400,300,snake fruit,143,95,164,122,4
/home/jun/Github/Master-Thesis/Task1-DragonFruit-Detection/data/train/Images/fruit143.png,400,300,banana,141,184,195,245,1
/home/jun/Github/Master-Thesis/Task1-DragonFruit-Detection/data/train/Images/fruit88.png,400,300,pineapple,203,98,268,205,3
/home/jun/Github/Master-Thesis/Task1-DragonFruit-Detection/data/train/Images/fruit88.png,400,300,snake fruit,158,146,172,163,4
/home/jun/Github/Master-Thesis/Task1-DragonFruit-Detection/data/train/Images/fruit88.png,400,300,banana,152,201,191,244,1
/home/jun/Github/Master-Thesis/Task1-DragonFruit-Detection/data/train/Images/fruit176.png,600,337,banana,286,65,397,171,1
/home/jun/Github/Master-Thesis/Task1-DragonFruit-Detection/data/train/Images/fruit176.png,600,337,snake fruit,322,225,377,276,4
/home/jun/Github/Master-Thesis/Task1-DragonFruit-Detection/data/train/Images/fruit176.png,600,337,dragon fruit,123,98,247,207,2
/home/jun/Github/Master-Thesis/Task1-DragonFruit-Detection/data/train/Images/fruit89.png,400,300,pineapple,205,105,271,212,3
/home/jun/Github/Master-Thesis/Task1-DragonFruit-Detection/data/train/Images/fruit89.png,400,300,snake fruit,159,156,173,174,4
/home/jun/Github/Master-Thesis/Task1-DragonFruit-Detection/data/train/Images/fruit89.png,400,300,banana,156,211,195,255,1
/home/jun/Github/Master-Thesis/Task1-DragonFruit-Detection/data/train/Images/fruit18.png,400,300,pineapple,118,29,303,198,3
/home/jun/Github/Master-Thesis/Task1-DragonFruit-Detection/data/train/Images/fruit18.png,400,300,snake fruit,196,192,218,223,4
/home/jun/Github/Master-Thesis/Task1-DragonFruit-Detection/data/train/Images/fruit18.png,400,300,dragon fruit,119,220,177,289,2
/home/jun/Github/Master-Thesis/Task1-DragonFruit-Detection/data/train/Images/fruit67.png,400,300,pineapple,92,76,232,226,3
/home/jun/Github/Master-Thesis/Task1-DragonFruit-Detection/data/train/Images/fruit67.png,400,300,snake fruit,232,144,261,165,4
/home/jun/Github/Master-Thesis/Task1-DragonFruit-Detection/data/train/Images/fruit67.png,400,300,dragon fruit,263,177,323,230,2
/home/jun/Github/Master-Thesis/Task1-DragonFruit-Detection/data/train/Images/fruit81.png,400,300,pineapple,197,103,297,208,3
/home/jun/Github/Master-Thesis/Task1-DragonFruit-Detection/data/train/Images/fruit81.png,400,300,snake fruit,177,118,196,134,4
/home/jun/Github/Master-Thesis/Task1-DragonFruit-Detection/data/train/Images/fruit81.png,400,300,banana,113,151,153,194,1
/home/jun/Github/Master-Thesis/Task1-DragonFruit-Detection/data/train/Images/fruit112.png,400,300,pineapple,92,118,222,213,3
/home/jun/Github/Master-Thesis/Task1-DragonFruit-Detection/data/train/Images/fruit112.png,400,300,snake fruit,211,225,238,244,4
/home/jun/Github/Master-Thesis/Task1-DragonFruit-Detection/data/train/Images/fruit112.png,400,300,banana,266,145,310,196,1
/home/jun/Github/Master-Thesis/Task1-DragonFruit-Detection/data/train/Images/fruit42.png,400,300,pineapple,196,52,308,233,3
/home/jun/Github/Master-Thesis/Task1-DragonFruit-Detection/data/train/Images/fruit42.png,400,300,snake fruit,161,151,190,168,4
/home/jun/Github/Master-Thesis/Task1-DragonFruit-Detection/data/train/Images/fruit42.png,400,300,dragon fruit,106,92,158,143,2
/home/jun/Github/Master-Thesis/Task1-DragonFruit-Detection/data/train/Images/fruit145.png,400,300,pineapple,110,56,281,224,3
/home/jun/Github/Master-Thesis/Task1-DragonFruit-Detection/data/train/Images/fruit145.png,400,300,snake fruit,115,52,143,71,4
/home/jun/Github/Master-Thesis/Task1-DragonFruit-Detection/data/train/Images/fruit116.png,400,300,pineapple,120,113,237,264,3
/home/jun/Github/Master-Thesis/Task1-DragonFruit-Detection/data/train/Images/fruit116.png,400,300,snake fruit,261,162,279,181,4
/home/jun/Github/Master-Thesis/Task1-DragonFruit-Detection/data/train/Images/fruit116.png,400,300,banana,205,72,251,118,1
/home/jun/Github/Master-Thesis/Task1-DragonFruit-Detection/data/train/Images/fruit171.png,600,337,banana,269,62,382,171,1
/home/jun/Github/Master-Thesis/Task1-DragonFruit-Detection/data/train/Images/fruit171.png,600,337,snake fruit,287,218,343,271,4
/home/jun/Github/Master-Thesis/Task1-DragonFruit-Detection/data/train/Images/fruit171.png,600,337,dragon fruit,109,81,229,185,2
/home/jun/Github/Master-Thesis/Task1-DragonFruit-Detection/data/train/Images/fruit155.png,400,300,pineapple,133,40,282,156,3
/home/jun/Github/Master-Thesis/Task1-DragonFruit-Detection/data/train/Images/fruit155.png,400,300,snake fruit,100,164,173,228,4
/home/jun/Github/Master-Thesis/Task1-DragonFruit-Detection/data/train/Images/fruit155.png,400,300,banana,185,198,214,238,1
/home/jun/Github/Master-Thesis/Task1-DragonFruit-Detection/data/train/Images/fruit85.png,400,300,pineapple,195,95,263,205,3
/home/jun/Github/Master-Thesis/Task1-DragonFruit-Detection/data/train/Images/fruit85.png,400,300,snake fruit,146,149,163,167,4
/home/jun/Github/Master-Thesis/Task1-DragonFruit-Detection/data/train/Images/fruit85.png,400,300,banana,142,202,183,248,1
/home/jun/Github/Master-Thesis/Task1-DragonFruit-Detection/data/train/Images/fruit101.png,400,300,pineapple,38,64,223,175,3
/home/jun/Github/Master-Thesis/Task1-DragonFruit-Detection/data/train/Images/fruit101.png,400,300,snake fruit,202,190,240,216,4
/home/jun/Github/Master-Thesis/Task1-DragonFruit-Detection/data/train/Images/fruit101.png,400,300,banana,282,107,338,170,1
/home/jun/Github/Master-Thesis/Task1-DragonFruit-Detection/data/train/Images/fruit162.png,300,400,pineapple,77,20,233,252,3
/home/jun/Github/Master-Thesis/Task1-DragonFruit-Detection/data/train/Images/fruit162.png,300,400,snake fruit,179,297,205,322,4
/home/jun/Github/Master-Thesis/Task1-DragonFruit-Detection/data/train/Images/fruit162.png,300,400,banana,88,279,163,355,1
/home/jun/Github/Master-Thesis/Task1-DragonFruit-Detection/data/train/Images/fruit188.png,600,337,banana,297,62,410,172,1
/home/jun/Github/Master-Thesis/Task1-DragonFruit-Detection/data/train/Images/fruit188.png,600,337,snake fruit,349,207,409,273,4
/home/jun/Github/Master-Thesis/Task1-DragonFruit-Detection/data/train/Images/fruit188.png,600,337,dragon fruit,142,99,271,211,2
/home/jun/Github/Master-Thesis/Task1-DragonFruit-Detection/data/train/Images/fruit53.png,400,300,pineapple,149,120,307,252,3
/home/jun/Github/Master-Thesis/Task1-DragonFruit-Detection/data/train/Images/fruit53.png,400,300,snake fruit,217,102,234,125,4
/home/jun/Github/Master-Thesis/Task1-DragonFruit-Detection/data/train/Images/fruit53.png,400,300,dragon fruit,247,47,297,101,2
/home/jun/Github/Master-Thesis/Task1-DragonFruit-Detection/data/train/Images/fruit179.png,600,337,banana,292,62,402,175,1
/home/jun/Github/Master-Thesis/Task1-DragonFruit-Detection/data/train/Images/fruit179.png,600,337,snake fruit,340,220,393,270,4
/home/jun/Github/Master-Thesis/Task1-DragonFruit-Detection/data/train/Images/fruit179.png,600,337,dragon fruit,134,103,256,206,2
/home/jun/Github/Master-Thesis/Task1-DragonFruit-Detection/data/train/Images/fruit108.png,400,300,pineapple,87,111,228,212,3
/home/jun/Github/Master-Thesis/Task1-DragonFruit-Detection/data/train/Images/fruit108.png,400,300,snake fruit,214,222,242,241,4
/home/jun/Github/Master-Thesis/Task1-DragonFruit-Detection/data/train/Images/fruit108.png,400,300,banana,274,138,318,193,1
/home/jun/Github/Master-Thesis/Task1-DragonFruit-Detection/data/train/Images/fruit11.png,400,300,pineapple,86,124,252,224,3
/home/jun/Github/Master-Thesis/Task1-DragonFruit-Detection/data/train/Images/fruit11.png,400,300,snake fruit,213,203,237,229,4
/home/jun/Github/Master-Thesis/Task1-DragonFruit-Detection/data/train/Images/fruit11.png,400,300,dragon fruit,200,241,260,299,2
/home/jun/Github/Master-Thesis/Task1-DragonFruit-Detection/data/train/Images/fruit36.png,400,300,pineapple,177,41,295,220,3
/home/jun/Github/Master-Thesis/Task1-DragonFruit-Detection/data/train/Images/fruit36.png,400,300,snake fruit,179,176,202,203,4
/home/jun/Github/Master-Thesis/Task1-DragonFruit-Detection/data/train/Images/fruit36.png,400,300,dragon fruit,101,158,153,216,2
/home/jun/Github/Master-Thesis/Task1-DragonFruit-Detection/data/train/Images/fruit199.png,600,337,banana,301,70,416,183,1
/home/jun/Github/Master-Thesis/Task1-DragonFruit-Detection/data/train/Images/fruit199.png,600,337,snake fruit,309,230,369,290,4
/home/jun/Github/Master-Thesis/Task1-DragonFruit-Detection/data/train/Images/fruit199.png,600,337,dragon fruit,144,78,260,191,2
/home/jun/Github/Master-Thesis/Task1-DragonFruit-Detection/data/train/Images/fruit6.png,400,300,pineapple,42,78,264,215,3
/home/jun/Github/Master-Thesis/Task1-DragonFruit-Detection/data/train/Images/fruit6.png,400,300,snake fruit,237,164,270,194,4
/home/jun/Github/Master-Thesis/Task1-DragonFruit-Detection/data/train/Images/fruit6.png,400,300,dragon fruit,249,209,336,286,2
/home/jun/Github/Master-Thesis/Task1-DragonFruit-Detection/data/train/Images/fruit91.png,400,300,pineapple,129,34,259,141,3
/home/jun/Github/Master-Thesis/Task1-DragonFruit-Detection/data/train/Images/fruit91.png,400,300,snake fruit,108,145,129,171,4
/home/jun/Github/Master-Thesis/Task1-DragonFruit-Detection/data/train/Images/fruit91.png,400,300,banana,186,174,257,234,1
/home/jun/Github/Master-Thesis/Task1-DragonFruit-Detection/data/train/Images/fruit13.png,400,300,pineapple,105,58,312,239,3
/home/jun/Github/Master-Thesis/Task1-DragonFruit-Detection/data/train/Images/fruit13.png,400,300,snake fruit,193,220,217,250,4
/home/jun/Github/Master-Thesis/Task1-DragonFruit-Detection/data/train/Images/fruit13.png,400,300,dragon fruit,115,253,175,300,2
/home/jun/Github/Master-Thesis/Task1-DragonFruit-Detection/data/train/Images/fruit169.png,600,337,banana,268,63,383,173,1
/home/jun/Github/Master-Thesis/Task1-DragonFruit-Detection/data/train/Images/fruit169.png,600,337,snake fruit,283,219,339,272,4
/home/jun/Github/Master-Thesis/Task1-DragonFruit-Detection/data/train/Images/fruit169.png,600,337,dragon fruit,117,79,229,185,2
/home/jun/Github/Master-Thesis/Task1-DragonFruit-Detection/data/train/Images/fruit51.png,400,300,pineapple,142,93,285,254,3
/home/jun/Github/Master-Thesis/Task1-DragonFruit-Detection/data/train/Images/fruit51.png,400,300,snake fruit,221,94,239,118,4
/home/jun/Github/Master-Thesis/Task1-DragonFruit-Detection/data/train/Images/fruit51.png,400,300,dragon fruit,266,52,315,107,2
/home/jun/Github/Master-Thesis/Task1-DragonFruit-Detection/data/train/Images/fruit47.png,400,300,pineapple,165,70,314,225,3
/home/jun/Github/Master-Thesis/Task1-DragonFruit-Detection/data/train/Images/fruit47.png,400,300,snake fruit,154,135,180,153,4
/home/jun/Github/Master-Thesis/Task1-DragonFruit-Detection/data/train/Images/fruit47.png,400,300,dragon fruit,112,67,163,113,2
/home/jun/Github/Master-Thesis/Task1-DragonFruit-Detection/data/train/Images/fruit115.png,400,300,pineapple,115,90,261,249,3
/home/jun/Github/Master-Thesis/Task1-DragonFruit-Detection/data/train/Images/fruit115.png,400,300,snake fruit,288,148,311,168,4
/home/jun/Github/Master-Thesis/Task1-DragonFruit-Detection/data/train/Images/fruit115.png,400,300,banana,219,65,271,111,1
/home/jun/Github/Master-Thesis/Task1-DragonFruit-Detection/data/train/Images/fruit38.png,400,300,pineapple,154,65,292,230,3
/home/jun/Github/Master-Thesis/Task1-DragonFruit-Detection/data/train/Images/fruit38.png,400,300,snake fruit,186,208,209,236,4
/home/jun/Github/Master-Thesis/Task1-DragonFruit-Detection/data/train/Images/fruit38.png,400,300,dragon fruit,105,206,159,270,2
/home/jun/Github/Master-Thesis/Task1-DragonFruit-Detection/data/train/Images/fruit163.png,600,337,banana,280,72,400,188,1
/home/jun/Github/Master-Thesis/Task1-DragonFruit-Detection/data/train/Images/fruit163.png,600,337,snake fruit,293,232,352,287,4
/home/jun/Github/Master-Thesis/Task1-DragonFruit-Detection/data/train/Images/fruit163.png,600,337,dragon fruit,128,87,245,198,2
/home/jun/Github/Master-Thesis/Task1-DragonFruit-Detection/data/train/Images/fruit182.png,600,337,banana,290,61,400,172,1
/home/jun/Github/Master-Thesis/Task1-DragonFruit-Detection/data/train/Images/fruit182.png,600,337,snake fruit,348,215,400,264,4
/home/jun/Github/Master-Thesis/Task1-DragonFruit-Detection/data/train/Images/fruit182.png,600,337,dragon fruit,137,105,261,210,2
/home/jun/Github/Master-Thesis/Task1-DragonFruit-Detection/data/train/Images/fruit75.png,400,300,pineapple,202,99,307,210,3
/home/jun/Github/Master-Thesis/Task1-DragonFruit-Detection/data/train/Images/fruit75.png,400,300,snake fruit,181,119,202,133,4
/home/jun/Github/Master-Thesis/Task1-DragonFruit-Detection/data/train/Images/fruit75.png,400,300,banana,113,150,156,197,1
/home/jun/Github/Master-Thesis/Task1-DragonFruit-Detection/data/train/Images/fruit127.png,400,300,pineapple,150,124,340,243,3
/home/jun/Github/Master-Thesis/Task1-DragonFruit-Detection/data/train/Images/fruit127.png,400,300,snake fruit,257,96,278,113,4
/home/jun/Github/Master-Thesis/Task1-DragonFruit-Detection/data/train/Images/fruit127.png,400,300,banana,144,57,196,103,1
/home/jun/Github/Master-Thesis/Task1-DragonFruit-Detection/data/train/Images/fruit166.png,600,337,banana,276,70,392,182,1
/home/jun/Github/Master-Thesis/Task1-DragonFruit-Detection/data/train/Images/fruit166.png,600,337,snake fruit,284,226,345,281,4
/home/jun/Github/Master-Thesis/Task1-DragonFruit-Detection/data/train/Images/fruit166.png,600,337,dragon fruit,124,84,238,191,2
/home/jun/Github/Master-Thesis/Task1-DragonFruit-Detection/data/train/Images/fruit137.png,400,300,pineapple,149,61,385,245,3
/home/jun/Github/Master-Thesis/Task1-DragonFruit-Detection/data/train/Images/fruit137.png,400,300,snake fruit,187,81,215,102,4
/home/jun/Github/Master-Thesis/Task1-DragonFruit-Detection/data/train/Images/fruit137.png,400,300,banana,45,100,119,156,1
/home/jun/Github/Master-Thesis/Task1-DragonFruit-Detection/data/train/Images/fruit7.png,400,300,pineapple,129,59,318,220,3
/home/jun/Github/Master-Thesis/Task1-DragonFruit-Detection/data/train/Images/fruit7.png,400,300,snake fruit,217,209,240,241,4
/home/jun/Github/Master-Thesis/Task1-DragonFruit-Detection/data/train/Images/fruit7.png,400,300,dragon fruit,150,248,213,300,2
/home/jun/Github/Master-Thesis/Task1-DragonFruit-Detection/data/train/Images/fruit93.png,400,300,pineapple,135,51,262,157,3
/home/jun/Github/Master-Thesis/Task1-DragonFruit-Detection/data/train/Images/fruit93.png,400,300,snake fruit,118,160,138,188,4
/home/jun/Github/Master-Thesis/Task1-DragonFruit-Detection/data/train/Images/fruit93.png,400,300,banana,193,197,260,254,1
/home/jun/Github/Master-Thesis/Task1-DragonFruit-Detection/data/train/Images/fruit210.png,600,337,banana,298,80,411,186,1
/home/jun/Github/Master-Thesis/Task1-DragonFruit-Detection/data/train/Images/fruit210.png,600,337,snake fruit,264,226,336,281,4
/home/jun/Github/Master-Thesis/Task1-DragonFruit-Detection/data/train/Images/fruit210.png,600,337,dragon fruit,155,55,264,170,2
/home/jun/Github/Master-Thesis/Task1-DragonFruit-Detection/data/train/Images/fruit111.png,400,300,pineapple,88,114,217,210,3
/home/jun/Github/Master-Thesis/Task1-DragonFruit-Detection/data/train/Images/fruit111.png,400,300,snake fruit,207,217,231,233,4
/home/jun/Github/Master-Thesis/Task1-DragonFruit-Detection/data/train/Images/fruit111.png,400,300,banana,260,138,301,189,1
/home/jun/Github/Master-Thesis/Task1-DragonFruit-Detection/data/train/Images/fruit9.png,400,300,pineapple,118,94,299,195,3
/home/jun/Github/Master-Thesis/Task1-DragonFruit-Detection/data/train/Images/fruit9.png,400,300,snake fruit,232,200,254,230,4
/home/jun/Github/Master-Thesis/Task1-DragonFruit-Detection/data/train/Images/fruit9.png,400,300,dragon fruit,195,245,257,300,2
/home/jun/Github/Master-Thesis/Task1-DragonFruit-Detection/data/train/Images/fruit29.png,400,300,pineapple,128,44,301,191,3
/home/jun/Github/Master-Thesis/Task1-DragonFruit-Detection/data/train/Images/fruit29.png,400,300,snake fruit,191,189,214,224,4
/home/jun/Github/Master-Thesis/Task1-DragonFruit-Detection/data/train/Images/fruit29.png,400,300,dragon fruit,96,196,166,277,2
/home/jun/Github/Master-Thesis/Task1-DragonFruit-Detection/data/train/Images/fruit16.png,400,300,pineapple,110,58,313,220,3
/home/jun/Github/Master-Thesis/Task1-DragonFruit-Detection/data/train/Images/fruit16.png,400,300,snake fruit,201,215,225,247,4
/home/jun/Github/Master-Thesis/Task1-DragonFruit-Detection/data/train/Images/fruit16.png,400,300,dragon fruit,125,250,188,300,2
/home/jun/Github/Master-Thesis/Task1-DragonFruit-Detection/data/train/Images/fruit76.png,400,300,pineapple,202,88,315,207,3
/home/jun/Github/Master-Thesis/Task1-DragonFruit-Detection/data/train/Images/fruit76.png,400,300,snake fruit,183,114,202,129,4
/home/jun/Github/Master-Thesis/Task1-DragonFruit-Detection/data/train/Images/fruit76.png,400,300,banana,108,144,154,190,1
/home/jun/Github/Master-Thesis/Task1-DragonFruit-Detection/data/train/Images/fruit138.png,400,300,pineapple,178,88,397,253,3
/home/jun/Github/Master-Thesis/Task1-DragonFruit-Detection/data/train/Images/fruit138.png,400,300,snake fruit,209,82,237,103,4
/home/jun/Github/Master-Thesis/Task1-DragonFruit-Detection/data/train/Images/fruit138.png,400,300,banana,76,104,145,164,1
/home/jun/Github/Master-Thesis/Task1-DragonFruit-Detection/data/train/Images/fruit131.png,400,300,pineapple,156,108,303,212,3
/home/jun/Github/Master-Thesis/Task1-DragonFruit-Detection/data/train/Images/fruit131.png,400,300,snake fruit,188,93,211,109,4
/home/jun/Github/Master-Thesis/Task1-DragonFruit-Detection/data/train/Images/fruit131.png,400,300,banana,92,107,140,147,1
/home/jun/Github/Master-Thesis/Task1-DragonFruit-Detection/data/train/Images/fruit83.png,400,300,pineapple,200,78,284,199,3
/home/jun/Github/Master-Thesis/Task1-DragonFruit-Detection/data/train/Images/fruit83.png,400,300,snake fruit,146,139,165,160,4
/home/jun/Github/Master-Thesis/Task1-DragonFruit-Detection/data/train/Images/fruit83.png,400,300,banana,137,194,188,248,1
/home/jun/Github/Master-Thesis/Task1-DragonFruit-Detection/data/train/Images/fruit24.png,400,300,pineapple,120,17,290,167,3
/home/jun/Github/Master-Thesis/Task1-DragonFruit-Detection/data/train/Images/fruit24.png,400,300,snake fruit,190,169,210,199,4
/home/jun/Github/Master-Thesis/Task1-DragonFruit-Detection/data/train/Images/fruit24.png,400,300,dragon fruit,114,192,172,256,2
/home/jun/Github/Master-Thesis/Task1-DragonFruit-Detection/data/train/Images/fruit30.png,400,300,pineapple,129,70,287,209,3
/home/jun/Github/Master-Thesis/Task1-DragonFruit-Detection/data/train/Images/fruit30.png,400,300,snake fruit,184,208,206,241,4
/home/jun/Github/Master-Thesis/Task1-DragonFruit-Detection/data/train/Images/fruit30.png,400,300,dragon fruit,99,221,159,292,2
/home/jun/Github/Master-Thesis/Task1-DragonFruit-Detection/data/train/Images/fruit118.png,400,300,pineapple,123,103,257,259,3
/home/jun/Github/Master-Thesis/Task1-DragonFruit-Detection/data/train/Images/fruit118.png,400,300,snake fruit,285,162,304,182,4
/home/jun/Github/Master-Thesis/Task1-DragonFruit-Detection/data/train/Images/fruit118.png,400,300,banana,222,72,271,117,1
/home/jun/Github/Master-Thesis/Task1-DragonFruit-Detection/data/train/Images/fruit25.png,400,300,pineapple,128,34,311,181,3
/home/jun/Github/Master-Thesis/Task1-DragonFruit-Detection/data/train/Images/fruit25.png,400,300,snake fruit,193,174,216,213,4
/home/jun/Github/Master-Thesis/Task1-DragonFruit-Detection/data/train/Images/fruit25.png,400,300,dragon fruit,83,169,159,254,2
